{
    "loss": 0.03632965683937073,
    "accuracy": 0.9901960492134094
}