{
    "loss": 0.14979173243045807,
    "accuracy": 0.8627451062202454
}