{
    "loss": 1.3589643239974976,
    "accuracy": 0.5686274766921997
}