{
    "loss": 11.642163276672363,
    "accuracy": 0.4313725531101227
}